node_type,node_count,avg_risk_score,avg_order_count,total_orders,avg_graph_risk_centrality
supplier_proxy,475,0.35124246849202456,266.02736842105264,126363,0.17697859398052168
buyer_agent,69,0.2968417548981841,1831.3478260869565,126363,0.1490062081010532
product,54,0.3337047480304253,2340.0555555555557,126363,0.1674377046671738
category,24,0.3195287029788781,5265.125,126363,0.18094838115886294
region,23,0.2969527645721649,5494.04347826087,126363,0.159563332461713
market,5,0.29857798814641995,25272.6,126363,0.20408822454218395
shipping,4,0.3343134752950288,31590.75,126363,0.2333080648165303
