scenario_name,policy,steps,total_reward,mean_reward,mean_risk,mean_delay,mean_service,mean_resilience,data_split
normal,random,500,676.2956546461028,1.3525913092922055,0.25439904269115804,0.4364968883129536,0.7705104736747233,0.8022699665682769,train
normal,balanced,500,502.00620881378853,1.004012417627577,0.28652188000741335,0.52,0.6924608103968865,0.7289413329579768,train
normal,resilience,500,742.879258936925,1.48575851787385,0.22348706640578245,0.4378991681818924,0.7972128779772825,0.8418526193070279,train
normal,random,500,673.3685156882407,1.3467370313764813,0.25983847865702486,0.44497428208107226,0.7629469327853983,0.7971428834792222,valid
normal,balanced,500,514.4630850035323,1.0289261700070647,0.2917397827964607,0.518,0.6909892912254866,0.726484646194895,valid
normal,resilience,500,754.7336709094072,1.5094673418188145,0.22755703058123936,0.4363646495252239,0.7959052829625508,0.8403850085033086,valid
normal,random,500,594.9777579165104,1.1899555158330208,0.2831871163661767,0.4913640597463039,0.7382983666062726,0.7742815800038465,test
normal,balanced,500,415.9600439264055,0.831920087852811,0.31701453778006494,0.574,0.6602138941323727,0.697763504016298,test
normal,resilience,500,680.7130503556405,1.361426100711281,0.24727133946845065,0.48332949953094845,0.772737570293667,0.8219066604232167,test
