module,task_type,algorithm,baseline_model,proposed_model,baseline_accuracy,proposed_accuracy,accuracy_delta,accuracy_relative_improvement_percent,baseline_balanced_accuracy,proposed_balanced_accuracy,balanced_accuracy_delta,baseline_macro_f1,proposed_macro_f1,macro_f1_delta,macro_f1_relative_improvement_percent,baseline_weighted_f1,proposed_weighted_f1,weighted_f1_delta,baseline_roc_auc,proposed_roc_auc,roc_auc_delta
Risk Prediction,Leakage-safe multi-class risk classification,CatBoost,CatBoost,CatBoost-RGC,0.6219070832410074,0.8009454169436443,0.1790383337026369,28.788598574821865,0.6245125483668655,0.7994415679795818,0.1749290196127162,0.6003360587621813,0.8007445299894475,0.2004084712272661,33.38271428181136,0.5964654179336599,0.8003919985349143,0.2039265806012543,0.8095311610290414,0.9452907988647898,0.1357596378357484
Risk Prediction,Leakage-safe multi-class risk classification,LightGBM,LightGBM,LightGBM-RGC,0.6110864908782037,0.782886476106064,0.1717999852278603,28.113857496827237,0.6145209850029577,0.7786070454737005,0.1640860604707428,0.5997755056116723,0.7814385910786411,0.1816630854669688,30.28851358004399,0.5957288966349283,0.7823702186191442,0.1866413219842159,0.7973207294508087,0.9401150857147154,0.1427943562639066
Risk Prediction,Leakage-safe multi-class risk classification,XGBoost,XGBoost,XGBoost-RGC,0.6219809439397297,0.7733215156215377,0.151340571681808,24.332027075169208,0.6245345141352016,0.7690617000123098,0.1445271858771082,0.603234706929829,0.7719565971250524,0.1687218901952234,27.969526331456574,0.5993426876826943,0.7725392231015085,0.1731965354188142,0.8057458631300412,0.9289920682744,0.1232462051443588
