policy_name,policy_ablation_role,decision_count,mean_reward,mean_risk,mean_delay,mean_service,mean_resilience,mean_profit,mean_cost,reward_gain_vs_best_baseline,reward_relative_gain_percent,risk_reduction_percent,delay_reduction_percent,service_improvement_percent,resilience_improvement_percent,profit_improvement_percent,cost_change_percent,baseline_policy,baseline_mean_reward
sthg_cmappo_risk_service_policy,Risk-service optimized CMARL policy,27078,2.1320253217800063,0.1620443864549655,0.329307361875443,0.9339006572088252,0.9792480300392434,18.92282191333674,241.99213707837848,0.44831003556572435,26.62623777525467,8.611926196863024,21.07690593760541,13.027839076970693,8.768457317094512,34.00002960568908,-4.753834586319218,risk_avoidance_policy,1.683715286214282
sthg_cmappo_adaptive_hybrid_policy,Adaptive hybrid cost-risk-service-resilience policy,27078,1.965927194844741,0.1872720188395487,0.3667437867385121,0.8939210074168141,0.9350543363615476,19.622475250642317,216.5692742691457,0.2822119086304591,16.761260703702057,-5.615686253516004,12.104745509727353,8.189194422248448,3.859711282369707,38.954553214379246,-14.760069605572035,risk_avoidance_policy,1.683715286214282
sthg_cmappo_cost_resilient_policy,Cost-resilient CMARL policy,27078,1.8157415782068311,0.2043191642488489,0.4003699806554919,0.8629427498368513,0.9058287232948916,19.26269504698439,220.59542590103663,0.13202629199254923,7.841366831645347,-15.229754453471212,4.045759976103237,4.439967472245289,0.6135216042765125,36.406806469073544,-13.175408595749877,risk_avoidance_policy,1.683715286214282
sthg_cmappo_pareto_policy,Pareto selector over fixed procurement actions,27078,1.691642406559379,0.1826754403207997,0.4171426076654984,0.8255425256648028,0.9001656543709708,15.257392390359463,246.5236851544395,0.007927120345097016,0.47081121196687603,-3.0233566696084955,0.02596639588897205,-0.08649525859277764,-0.015494999934124044,8.043665018737666,-2.9702535871863365,risk_avoidance_policy,1.683715286214282
