stress_group,scenario_count,avg_reward_improvement,avg_risk_reduction,avg_delay_reduction,avg_service_improvement,avg_resilience_improvement,avg_profit_improvement,avg_cost_change,min_reward_improvement,max_reward_improvement,stress_explanation
combined_stress,3,38.76265152306673,8.611926196862997,8.807047540179083,16.08666846518879,9.64745320285436,49.22582676159837,-4.753834586319215,35.488616628883506,43.57698521602856,"Under combined_stress, the proposed policy improved reward by 38.76% on average while reducing risk by 8.61% and delay by 8.81%."
supplier_shock,3,37.641460593101044,8.611926196862994,21.062589076105805,15.559139707450528,10.440977803012041,43.99218101859949,-4.753834586319205,30.809062010226206,45.78413988880507,"Under supplier_shock, the proposed policy improved reward by 37.64% on average while reducing risk by 8.61% and delay by 21.06%."
logistics_disruption,3,35.24393251097123,8.611926196862994,15.832682852714209,14.77683217901913,10.022428582565645,41.03524576157434,-4.75383458631921,32.0482797723756,39.74641792800318,"Under logistics_disruption, the proposed policy improved reward by 35.24% on average while reducing risk by 8.61% and delay by 15.83%."
demand_surge,3,32.656982173186314,8.611926196862997,21.076905937605392,15.324501503389692,9.52859923203895,39.65795389613081,-4.753834586319208,28.990287118234225,37.21710137000187,"Under demand_surge, the proposed policy improved reward by 32.66% on average while reducing risk by 8.61% and delay by 21.08%."
normal,1,26.62623777525467,8.611926196862992,21.0769059376054,13.027839076970704,8.768457317094512,34.00002960568908,-4.753834586319218,26.62623777525467,26.62623777525467,"Under normal, the proposed policy improved reward by 26.63% on average while reducing risk by 8.61% and delay by 21.08%."
