temporal_split,rows,mean_risk_score,mean_graph_context_signal,mean_entity_risk_context,mean_delay_service_context,mean_structural_exposure_context,mean_graph_resilience_pressure,mean_graph_cost_pressure
test,16898,0.15534140362702395,0.2613754942851765,0.16309489347519218,0.09996007982735068,0.5123421563820668,0.19527415917719826,0.4257457501685209
train,78855,0.1689439578882374,0.2543069350438002,0.1558010579219697,0.09691003733707687,0.49285219874230213,0.21812502797332825,0.41751742684996024
valid,16897,0.16064324576771472,0.26696891556214003,0.16847763324986278,0.11431283435016425,0.5210440971552112,0.203988624718303,0.41023182054094603
