model_name,feature_set,split,feature_count,numeric_feature_count,categorical_feature_count,accuracy,balanced_accuracy,macro_precision,macro_recall,macro_f1,weighted_precision,weighted_recall,weighted_f1,roc_auc_ovr_macro
CatBoost,Proposed-RGC-Optimized,test,176,171,5,0.973192093738904,0.9735790036019565,0.9742742306861342,0.9735790036019565,0.9738804745739102,0.9733475088003373,0.973192093738904,0.9732258862927842,0.9986833020174523
LightGBM,Proposed-RGC-Optimized,test,176,171,5,0.9707657710971712,0.9712270683674998,0.971951332253,0.9712270683674998,0.9715366722272475,0.9709254783102836,0.9707657710971712,0.9707956730238552,0.9985026968944307
XGBoost,Proposed-RGC-Optimized,test,176,171,5,0.9636643389750267,0.9646304862672426,0.9647454443323825,0.9646304862672426,0.9646143007630372,0.963849506644682,0.9636643389750267,0.963689474406709,0.9975045961647296
CatBoost,Baseline,test,72,67,5,0.6234465617232808,0.6305401900891124,0.6208014699813782,0.6305401900891124,0.6231832131142164,0.6189957253926133,0.6234465617232808,0.6189317326296768,0.8055453418265218
LightGBM,Baseline,test,72,67,5,0.6242158835365132,0.632445459195954,0.6199040463558315,0.632445459195954,0.622134156721054,0.6192772200283363,0.6242158835365132,0.6179942347648419,0.8034302207661733
XGBoost,Baseline,test,72,67,5,0.6194815954550834,0.6322811799412628,0.6162703047752239,0.6322811799412628,0.618968765489028,0.6167738397783954,0.6194815954550834,0.6127885938709099,0.8056352656133425
